admin,$2b$12$VNmOb96z8pUWf2LPsMXw/.e.TLdBGxngpHZXhicLipT335lgWxREK,2024-09-30
admin1,$2b$12$84aGk6SVghR68Gv/.9JoN.wOW7xbAVRk0RoT/OFhlWbQMwizD1yhG,2024-09-30
admin2,$2b$12$fpQKiPY6OoTKdnV7bMQfZ.VCTij63UkdcuqQrVADr/VnOXyb0jkNq,2024-09-30
吉吉,$2b$12$6750OxtLNwnVKLf7fLgUn.MrvB.Zqx2/wHsQNJL8LH8xvZcQIYnjW,2025-02-15
wjEVATthwSdTdT,$2b$12$UFqYbRO7zd//9.N6GbbdKOw3jErLrR86XFaqBGivZRZfUdN/be2J2,2025-02-22
cudUfxHWHfrOpm,$2b$12$noiJECQqlIaP5SJ3tUYDr.1m8WRBZuPnUMllJXQRkPn/xsoIreyFG,2025-02-23
iuLmCFBYLwQ,$2b$12$voN6e7Kcnxy6uV2gKN5Zceov75VzIl46PjzoLkOg0Aop1GtZ8mKgm,2025-02-23
JtHbLESJbDXfkK,$2b$12$/XB9AQegXTT5mDevrAlUNub3kaMk.WeO1CaovJoi27LDnop0NcsNa,2025-02-24
gvPjMJNmhUccOvA,$2b$12$QUwNeza7OxDu7J4Y/6B7I.sh5SSW36N88Nrpdhv8S6z7aS76GaDNq,2025-02-25
rebFpUcM,$2b$12$AG8hDFu9p8RIrZM6TR8kj.w6bhPRDF7zMLWSsHuW.jTNiKTlWxs46,2025-02-26
fOlzepKZlCEWox,$2b$12$3O59WlTiQJC6h90eCNla7OZTjSPvgFxuK9Q24fMoGOW.QzmKWgSS2,2025-02-28
EcfozSVLRjW,$2b$12$5VCxLVjaVnFKL8SLbZGPquvHfb.z2Xq85nxVPjchIjGKz51Q7E6k6,2025-03-01
LgIKXMXlc,$2b$12$XUanQ8uxxQsNe/AcK64scucGD2M4NJO7W4Ddva6LmpA9qsIewtv4K,2025-03-01
azIFsjvhtfWLPC,$2b$12$kCWNzSf1gCjL916r0BvG8utOLREmW5YDw63zoVa7sDuuBp/go1LB6,2025-03-05
nmZdzbITmefk,$2b$12$4T0O7rPAZ6DqDI76lWzl/ugh2jQnk6KNYVQ5PHHg.QChLc9dLpibC,2025-03-06
utYScgtpUlcuyhg,$2b$12$lL2MGLftfk.xCHJvl3FnsuOCwRCZlE.ekgrmdEn5UQQxxxoBPOBL6,2025-03-07
kcfhMnYQQ,$2b$12$/ucE1R9/Gaa10FoX3RvhfONoSq4eYNMt0Gz92sJHlaX7YCiXZKe3O,2025-03-08
wxfyMAegAcBEP,$2b$12$TKv7kMuxuNDrA/Sq5yJ04erSkSO9b8Gg4YZyNR1WHplFJi3aPn/Da,2025-03-09
zUorBsYxUOnAol,$2b$12$34.g7BiVZzkFy7UU.oJwZustRPrwFb31FQcXqoXNXTrqvNN1zEsb.,2025-03-10
ddMynhaRPcbu,$2b$12$A28MzyYQUCsLpjSATDMWkuxEqsX.jnubZ8xk3CkBbYNCDsHaiJ/Tq,2025-03-14
SWsedrqZC,$2b$12$3kN0TeVSzwTco2qZepQ7HeTcsui.I6xsyzvWnbKse0I6fu7Gt.GYi,2025-03-15
XQGROhBhoszJ,$2b$12$O.A8UvB8LnSy/IyGtG72sejdk4/xbpPfVD2gXRJnwZLnsIE.mE1rW,2025-03-15
XUiDiUrwkwi,$2b$12$4ghsfVnk7OvMW8jZjiMGDeoRkFPMedP9l/8bomHBFj4jyJZZ042.u,2025-03-16
qRgPzgNv,$2b$12$TyO07tnblggfjzKOB6dbde8I5xzgJfPI3lq.9E6wlkFJcpDSI5cS6,2025-03-17
jeQDblwp,$2b$12$AWDo14bNsqkVXuDQiduqAueBPIwE2ujnqpDK/.CRW3q0XdumdDVw2,2025-03-18
TWidMEewLT,$2b$12$R0nFYqb4LRrjNMn.21FgzefsqBLAXIjQANLD.CzxbzdH90sGkMa8y,2025-03-19
xspLPszdz,$2b$12$Trsw/tv4VLxdDXVVfYj99OFtLgAuaH5rUsMWCDGVmdo07vGE30xEu,2025-03-21
aTmGGjwOrd,$2b$12$kcuOr0poSkX2gDEFEHZonu2.EoTFaYjcdGSvOirK35eKeKJVYUXjS,2025-03-22
RtLZXaXu,$2b$12$R1TylKpelsO4AJmile.fv.kdVAJctV/eoxESnhm2Qi8BpBWdBtXt.,2025-03-23
baNARYjCara,$2b$12$TBGou708pCY0JRq9E/RjQujy4iMZunwh6VPryfB7naqc6iKneMLyu,2025-03-24
sJfepABfV,$2b$12$IjFHSII5.YTIifRpia3fJeYHUmU8.tdiuV6rGRvvBzZKwvXUk6LC2,2025-03-25
BIuqDAWyKNo,$2b$12$JwNE1btzXQzfJATqyxxFTOvATGU5Ui5Gvzy3Yhxtd//r6I.03G2rC,2025-03-29
yfnxIGGbANqxA,$2b$12$bTqxM78sNl.ADLNPJ/qo6.CM/m.gQVXvj0nBOCBM43g.PX/awFfae,2025-03-31
NQNnIXdOsDzDy,$2b$12$UmZk7jAY926xX3MTV3JHVefvky/zr.hsVN1cnsz1LhRglK00AZNWi,2025-03-31
hoetYQHgfs,$2b$12$B8iBjz8MeE/Y0NmMXuOf8OWy0dtuxgzq71FYn2M3cZcZjLAR8066i,2025-04-01
UMmHKTHN,$2b$12$d.wea4J8nXnRBCeW44j4x.pkQcsDkkX91WujfRBhAzZNXC6DzE6VK,2025-04-03
TestUser,$2b$12$9kwR5.MRLzwpGBrV6pGtvevxEVX5FvVLPHKLmr19RcJvbpF/t7Pwu,2025-04-04
zNUEMktDOjT,$2b$12$ZwiB/0mJZ15kZCxzKzp1veJDfM2Mw1ZUGA9E9v5uob6pI8ovTDsTi,2025-04-04
ylxqgfUNoQ,$2b$12$SCamsLeS7t6wIH2F1gv7P.V/mXlNU4wo9B/VASJss7SK94O7IXxWG,2025-04-05
oMhmjPXmeE,$2b$12$y7.8Gmdne.W0qb4ZLQEN0.tXNTcw.odAXVkDKgXNwu4Ci.tZ/W6c.,2025-04-05
nvcNDJQyoWPaWQs,$2b$12$J3qSVqpP3zDKJjoRtLmno.nPkU8alOsJULY9oKHyPQgPsUjQwSQDO,2025-04-05
UUDkFIPNhMW,$2b$12$1tCciUPMqDFBqgckofSW1exk3zNudOS/Kl/NTfTUssX5kOEtWBrJO,2025-04-06
cdAIMGkoX,$2b$12$KwxTkFo6yMTIsjDabNh1Ze0ac9ZPp72woUP.S8cS70aoqPqUhp7ZW,2025-04-07
SvtRsQfHvxg,$2b$12$Wz0.IN2Eyc1y4SZfy.S.IuPzWuc/JFLdxh0DsjGo/vnBvCt7hTGle,2025-04-07
Hello,$2b$12$ZJI0gk/Rqf.Ig3ko4lPC4uzbTUf4iFq/azzexryONRzHH6QLLeRNG,2025-04-07
DAxzwiFnODydtD,$2b$12$1sic2BTtntIabZJBoPalmupmOhJG.LUdemHQ.5CZgMEyIDAGCEluu,2025-04-07
dKMZGvwbgcIvde,$2b$12$YJRyEAzhzEXqXcPhI8ZoxeFH3IhVwj1MqGF2Y7F7A.YWBvE3c53gW,2025-04-07
lZgYdQxOVFzXxD,$2b$12$hKATg0I7lBvfLYvAqBltaOsOG3zh/Sv2jhlyFpmOxOCmLfRwEyfBa,2025-04-07
HZbDZFCEubkV,$2b$12$3OuzT/gSh6U0KKVgV1DGMu/2I94VBa/NY6YEbZUCwFsRahoki4UuW,2025-04-08
CpNbPTMaX,$2b$12$vJg8NukgxnkOqHxMu5nRSuA7Zbzcf5tRGcF/o61N9/HFrYkp0VXxq,2025-04-08
dgIQeOQfjv,$2b$12$hirDYzum.48ARe2ckPrK0uJ22kFpQPq0hbUAr4BBV1MGUfkA8XFLe,2025-04-09
PnhspUiIyjf,$2b$12$8eFhZ2VLc4yPVxyEK6SKqujcOA0v9iYU6NhuIqYBVDVa0.aNTMygC,2025-04-10
SWZuTNPxhqx,$2b$12$Kims9rV4QnwcHh.1W28qvuWnugEezq8P8atLOLUs6OjgN.S25wmy.,2025-04-11
iKqeAGbiQQMhA,$2b$12$9BqItaTtIQUWKNqAgooiV.ipRQtsp9sVfAZzNhrSrJhBrWoPVSSCK,2025-04-11
StuPIKmat,$2b$12$Quj2su0Z3qW0vOps9Jq66eHZXTvv5OzF4PeiB/AmoJfjhIzjSFW9O,2025-04-12
COKXnketOh,$2b$12$ttLvJk6JjgrRSGkq37PEgeJleOuf/O2jo9sPdsewwfuy13mSSJGja,2025-04-12
YSDaaJgx,$2b$12$CXCKXqhOmO9GnQsAbutYmOamXzCb36FauKwIrKNinWBFe04fTtR.y,2025-04-12
OMgetTsGPw,$2b$12$bn43b75nQ90uwakcie2XS.u6e2d6Cpg9TezwrsDufd7dG1ys9lbCa,2025-04-13
hcBXVHVlK,$2b$12$FQ4XhxcM78czI347SPn/ruWRGc7qg2fYtMVqUSW0.Y.DHuzclBNsu,2025-04-13
WSHwRsSLlhJ,$2b$12$XlCehn0fjZ6DTKHUaJMI0.UIST5iYPmxS2rFP6og.bJ1ksvN/ohD6,2025-04-13
345,$2b$12$qs8CvOWfzx0FhTxxFa1cLuKzne9Gp2pDeHEDw3BXxvNOX6pugjPQu,2025-04-14
123,$2b$12$eQ2NzQ.BQp9WCXFVDDWB.ehtyvBNpIzreC7nDDARER5Uoh/9uVQs.,2025-04-14
jeBNSOcXYwSX,$2b$12$/8h7pafUIfgxMYiMMo73Su/8PxqpiSIi.Hklo640m0oBUKyi5ny/y,2025-04-15
GQRPyFYtlk,$2b$12$i13xnwkNlKHvIkEFO/DfqeW6FffcbnLA4Gj/B/gfD4Tq.mwAgfSLq,2025-04-16
zoMGRIzO,$2b$12$59bJBMDSRvlrsvPHbwjMUuBCYGUgnAkdl28DANivd2Med.7Kukx8y,2025-04-16
QYWYYmhLUahG,$2b$12$iCLZyk/2Euwe.gnleup9LOzVo3G051Y2CPfJz4FmlVf6bXLkxF/7y,2025-04-17
NzJQaApsjG,$2b$12$400Og1HTM99sJ207iDVwVew0U1kgpTDxyv1OBkAGaGev4HSguieH6,2025-04-20
sJOvfzUZG,$2b$12$t7IBAUWzMi30mJ4ElxgGz.eKJdbs9PAzINGP5jlsHmA7SjOhFGjQG,2025-04-21
isxYGXqwHW,$2b$12$vUNFKtb03knXBkMw.QI71Ouexzucrlt4/u9QIhnPsuxGsy9L/xhfu,2025-04-21
cHlUwlaeIi,$2b$12$Z2OlsClq1Sz28qjNVah2CeFmN/BUp9cOi1s2mdhpqIErntek9MKxe,2025-04-22
UQMzsbJE,$2b$12$aGYt00ld2bYlSaZ1ymPq6eKeDSbVK6OU7EDr.AhB2LUJNkPmMuBkC,2025-04-24
BGHusjaEtvGUXr,$2b$12$03TeDOoOtcUlgvHPRW0CM.lAuUv2jcTvUFMPuQti/TcnXp/pB/9fK,2025-04-24
qmPnfcEOEpV,$2b$12$nF4Iug07UONbhpj2oiljCu8ZLBOhQ2RDwGRxEnZMiUd.7m7uV0ixm,2025-04-26
khFYloLwm,$2b$12$HBEgmYA0cAwflvh8HtWD5ObvLFZ2q/ur01kA.09mLFS9YFZ6yUbV.,2025-04-26
UHOMpURRnkFXOP,$2b$12$jVHbxhHzKlUb3eyfv8qFL.2UpCqZ76O9Bgwf03p8JB.4Ml/VrW.tW,2025-04-26
Alice,$2b$12$0H9xrnn94J8ShznA.uU44Oq5x3iDULgk/MiZHf2vX.znFfNVDZm9a,2025-04-27
RUaoUmmtrxl,$2b$12$pGHVYNJeV8yvWN7bXkHVmu7S6jv6QlBqWTazB7qJSzNPU7dagnd0e,2025-04-28
sKDtrGoh,$2b$12$Vwp6ICKbeA12iYG1aGzRl.cGNL/NXAOx51cJn1mdr8h0T2gyl/tHu,2025-05-03
DYLdVtODdFxAz,$2b$12$0MYP92U9sKIEws7JVICFTuJkLRNjcMVi6sCZ0NlIbPkQ19KeDg6hK,2025-05-04
SPsDvYdcZXjRx,$2b$12$KhbdiQHvJ4yoll/rTKnDCe.pBMZenpQ3pERrwmIE6rcHeNRbGSOW6,2025-05-04
deJpTKpjlhGrI,$2b$12$D9nOKbR8BUv83ztPyUpHZO0Oh4QBRgd6WR38ImicedmRcu6gPdHby,2025-05-04
oYcVVJYaeKtQZ,$2b$12$ZzR2VHQOe7tvgOPuUAboTONUqnn8dq.d3d0xzpox9UnlUMleOr8ii,2025-05-04
wLRMWPLPas,$2b$12$vQ/0wkgzY000m0ymiDNpyuXmVhnvTiGa.blCXMLYpPj//RzuBAWQS,2025-05-05
vKhidtqr,$2b$12$NKxwKNrXJrFZv2ZEEgIZcuW6lZ3wjonPTgdlCMmRheF30QalTF0X6,2025-05-08
PaYWKRYkmqdyuEl,$2b$12$HiFAFZxxDeE0GgWZAB8ITO6o7H44Msw0wGABIKWJNdxOWpXClgwE.,2025-05-08
WEcmiNiWOTEeEnB,$2b$12$8otLmZfgVVDzeabsLOIWK.Yz52xGyd0iaB/rGbr4oiHFiDgHOjyI6,2025-05-10
smEvCAAsxwr,$2b$12$VAfmJyFJ1Sv8Jb8w43IlFeoy57lT4d./bAPEsn8WOURoT6i/hBD6.,2025-05-10
zlZXOlsY,$2b$12$7pnJelxZ7/g0E9.gEtVcWefesqT/dgDoGeOIeJsjhAA8NGsbaiXaW,2025-05-11
sotzcwSogkf,$2b$12$37zV96khUETh.XHWklt.5..6zQRjMuuyuEtG4iMw5y8GoJq4XMX/C,2025-05-11
DvjvLUuTcmM,$2b$12$cXN67N18C/ag2dE/mkgpOe.vbagYoNCfHK3dACekGH5MVocWlYoi6,2025-05-12
KNgolLpmFdlgudM,$2b$12$cUHeTq4BSN9lTtR5jyqZ/eqizYmKsDc93oYVU30aXv9UWOvNkOfrG,2025-05-13
WhEnHNTbuJBJnqM,$2b$12$oj5UC4iPUQfn04DyW7dwh.9dK5.Y5Kh96HfbcGso/WYshRzrnx5.2,2025-05-13
sZLihXYM,$2b$12$jP1dD63sY/9.UV.eGGJgMeScq5FrrvEPv1mPFYtD53thq/bOU35ru,2025-05-15
zElkXEdWkuk,$2b$12$H/e55AgsCa2MEHenqLCSpODDgNkbQu8MSjh1pOyFHBueDhU8vFVuq,2025-05-16
mSowCxiXK,$2b$12$aBbho/JDLK405C8T5D9Yde39iTeEOe1Gc7Zg74ux34GrO2qWF8Zmy,2025-05-16
KXBRnCpd,$2b$12$OZnxH24TDds5DkdVYjUVn.1bDLZ696bsc6vzJeHwofZ92TKZ.ToDq,2025-05-16
rIfIhyUZNzwxAw,$2b$12$8lsDUvEGPNeQbPo0z79UMOo3lnR/xchsfZ6tyZYUqzCTe6mcoK68.,2025-05-17
kCsxGfLz,$2b$12$UdHlMOeu4mvfvVTeUoNxYuugQraKJW3hXa4vZw83uUPfLjghlEX2y,2025-05-17
VhlxMVMwiIOfg,$2b$12$J4kMxaq3Pr0uqaJE7le/UOvvLWEMI1q1GVIGLCVLofYeCG3.TXTQC,2025-05-17
qUpZjSpgj,$2b$12$GtK.LnEsQhT0bxLQX2O6R.wCQYq3qHYfPCczUgfJ42KqMcbng5Fjq,2025-05-19
PxaqjUhtsF,$2b$12$xTX3TXgOzA7n7tWJPg4OpOziGVP78o7UihjA189Cpn09CaZ0ELUAG,2025-05-19
iPYdfwhpUDTjyNo,$2b$12$LMSNn5yOT0YiZx3rgQ13ZuDbty.BrmX2HmwEgvy/x5THQeAipQblC,2025-05-20
sbYnvJfNAjKPN,$2b$12$k04.9U74tR9VjB6WvPt5VOFW/vapGENA3EeftodkmZc0cNmjYrzGu,2025-05-21
DPmilZEkb,$2b$12$zLIIW1f64LFmeyJgMHjxyelE5ouKQgeckRdNbgDjUh9jRYFVLDDTO,2025-05-21
vCLuhKnSZK,$2b$12$VTuRvtJA0pJOrB4pcndApOpx4kk3aIjmLpaTzDzkYMO.ncPzYwrna,2025-05-21
test,$2b$12$QVq8kovllnd5zNZjgr0mfOcIsUvS1.yZrit4dc9zCK833LHMFB5We,2025-05-21
MbCrlNDdfvvrk,$2b$12$AKns9qc78oRFGmUhwu/GS.n92.lgV2tGwqNOJ9nnoCUIVM.g08jvi,2025-05-21
HxPmrIiMDDvuZ,$2b$12$mYDeGL/n6R4.nTJQAXpAYuQx1Mn6kc9BY1FcHB4UBzEUB6uvr0fp.,2025-05-21
yequ,$2b$12$MqXGgGTOFGeauI10UNaqluhMz0lRfgRaLxISLvKQGSPAchbsNRTQK,2025-05-22
Zed67,$2b$12$jRsM2nx5lGNRsPBHRh.ngeUzMQ7MOckRqIcklf4cKmtcAHZRpXLHe,2025-05-22
zz,$2b$12$QLS.jsr9D3q4p9f0tDSzoeqqQCUXjV0p2kCKKc72Ru882Y7KLs.7i,2025-05-22
yzq,$2b$12$0U0LSQxA8O4sfM6y.vEutOP1ZCSPoBQ1wx1C0yeG646VkWDeKvIeu,2025-05-22
牢大,$2b$12$wnyWfqGjhXI.99b7XTF4yuef//AUUzvZrQc1/x.EUFeRxfYPiX0oe,2025-05-22
那很对了,$2b$12$HI5Rwj9Mgq790EatrgXIMeanWJ8uZbd4cMrnvdITfr7BFZtEqDutm,2025-05-22
川多多,$2b$12$cpdOLPnMILsbcFMGn8p4YeYdom/4K2YKxmRnUTkmoOCf/kfTiysQW,2025-05-22
我不要写作业,$2b$12$4AWdBwLWXtK5MszL7ylTk.Sy/..tlGieYGoihyynDI1pdMx6zOzYG,2025-05-22
1106,$2b$12$4b2sxpAjwitKZZ7qPlNo7OB2QcW8xpX.snBDwY3BI9EnQo4/xkJm6,2025-05-22
18853856829,$2b$12$whB2rBXVJEuek6oslgMqsu3sFO68HU7hIQE5k7VbWSNc8OmaiY.6q,2025-05-22
妖行神都,$2b$12$DJ9PafFfpU1kLtvEHMx7wuFYa5UWpj/yKkjy9WZYdNfsVrmH6lleW,2025-05-22
风,$2b$12$4nQqc.gedf8rgjlQYb9ZYuepStLz0heCWkyHf8yyJtzwThywrmetW,2025-05-22
回眸倾城,$2b$12$iczG/Mh8bcN876TbQT8fAeWJsoFO5h8Yw.iOZDB0Xo5nuxdTNe92e,2025-05-22
风筝,$2b$12$LvySfSOTJmBdtpLiH.75BODOjSASddBl.U6l191S7lzJReqUp3MRW,2025-05-22
不见山,$2b$12$ipUI/VSjZPn4lu10Hbr50eDo0qSNBjL4rlIL1dfzDiTp6snUkSYTe,2025-05-22
8.8,$2b$12$MqCRY9n6yI1etjWXznlNceYwTRxp4BFZN1wDh7q26kPtD.cYpGpwC,2025-05-22
KimbroughDD,$2b$12$aZHD3UY7Us7jihHmtQIVYuJQ3IqBciF3N44FmvWcmY/08DMOsbeDy,2025-05-22
17606255359,$2b$12$MlE7eu1tgGVJzNR5JiqFdOev3o8AWVioyiE5gkMhXeZE2dUfygmJe,2025-05-22
220,$2b$12$baQkei6KXF/1b1MMkcwxjeGPTeQJLkNOyHiVGUOhJij7xjwDH9Foi,2025-05-22
KimbroughDD5,$2b$12$QtmPkaZNJFpdmzDRZthX9.kKJc/GpzY3/BahkOVMkPPXResFFcjp.,2025-05-22
kata,$2b$12$Zm4LKzP6Xyubote4AsVcte2mjPAknF1fJnS2YBpYTOUWQzG/imTG.,2025-05-22
KimbroughDD324,$2b$12$lpozplbS4pDmGBVMXxmn8.xifET3.bJV.l4GQl9EvZMi9uEjjTwtu,2025-05-22
牢`大,$2b$12$KOizhKScwcQ9bmZFxJ636uI0lWPSPa17j5OdcyR2nO426RgQHpy1i,2025-05-22
阿拉,$2b$12$1RSJ1Fl/BptjqGP0uywshuuCBhQJmENcioubdlM8OAXtIOW75lFxe,2025-05-22
XVbFOXWWjB,$2b$12$WWb/aD6bRQ1M2ASKcy4wZ.AvW25JjSncLiwCCuvpLr9EzNua/zJu2,2025-05-23
XDpZNsTiC,$2b$12$FDXAYa0BDJHqfbZwwT5aaeDe/z0nsnHjqVD4AH/.BdKOt4Oo6jdvG,2025-05-24
IfufzeeTjc,$2b$12$HU.k2PBrpI5yZFOBNjFmGu/JuNRDoSlmjfJ.ZGQINIJtlDHY7v7u2,2025-05-24
UUKJpGtaX,$2b$12$vYUlBHHJlYXoQpty8PlgJOY8JMZ9gfHScRJUGqAdGrK.p0Ellgncq,2025-05-24
yXQLhDteGHm,$2b$12$WXEutBwxojgJGvU5bN4J9OOiX/KiZKPuyVB9Ol5q7UR/17gia.F3G,2025-05-25
jmdWiXeVQb,$2b$12$Dtk.ojUGI8GXt2mYorMvT.3JdCMrIoUo4cS36qy1Bzsm/FF8QJPpm,2025-05-25
imUASNLUPJ,$2b$12$FNjCTPikTTUAuVotNl8pIOOXUYOVcrJ6D8Mm7iHTdYCFl/ZWrg0M.,2025-05-25
PUjCzrgzm,$2b$12$6AxPbccexPtj4iZS1gjU9uQpfEdY6ehy9D59G0AI7dPPik.PzwYfW,2025-05-26
dxzaWnNk,$2b$12$ZADduyp4nzYD.welbhsz7.wzyPECzCogjITcxRRN2l4.A14MDY58i,2025-05-26
OohzAtOefSKC,$2b$12$r6aIXVshO2Ry9PJNGpY5JeJx0miUT3IcB6LizGxreD6ZAALfRn9SK,2025-05-27
EsyvvtwwLMyAEM,$2b$12$Rj1jEGNB7uzd0SNxi.kIOeJKXteR0mctPO/9ataEel1igxLmjq.eO,2025-05-28
SwVqQQUo,$2b$12$2tGRsCnLMxhSDe7sPk6s2.cZlpfDzrLIegC/KeUjoy1AFoLfA2tN6,2025-05-29
John,$2b$12$jIY/p6dBchmOrXbh1JQQOO.MrxgKMl.Sps8AsSYR0fowYG.aAvFAC,2025-05-29
sDgrUbaOSajYLbS,$2b$12$motnqYQZd4FFPjefvu4L4.7z/PkbXciqCZajketegy4XcTm8mXjyC,2025-05-31
QDZRhHlqsuI,$2b$12$oOHpB3V6.YSS.BGsf1ViGuZLfxqq1eyB.bkPQpodD72Xi1WmXpXFm,2025-06-01
dObinhAIBMeWmr,$2b$12$ISgWdl8Phfygb1ZW4kDFYOployHu/Zd82IMWA8/T0cLxRlTQCZyQu,2025-06-02
RnkbTwCWIv,$2b$12$lPg8eXfRtC1BbaluNPc6VOAhKSVj1WQ7lKtXdzxvWtAN/DHA62Vdy,2025-06-02
eqmAMcoDB,$2b$12$JDi0ojrjStbxUWwXgKJBHeEjFojlgpfjpcPpGM5OJvZWvM0I2cGbe,2025-06-03
skUYJYtvJmr,$2b$12$hMMmmA9tqqLTGYodSjAefeOCIfv5absz3bUI0PZvwZRN90qJM6bsa,2025-06-04
EnlBwzVYh,$2b$12$gNcxqAHVd2uJSPdlu3IYtOU44sqv7SWhYiiEwB21OIrvtxlC4QoUy,2025-06-05
hgMomDmcTgugF,$2b$12$wtWLNHUW.XvHQ3MpwKeNTOGwm9DFp8Zlab4Sq/C6IeeeZ7qFafK9q,2025-06-05
iSirsMpaMXTApOL,$2b$12$XF.5HZkTKyB1Eod1KhiideboJfP41EWhK32J19.QUIXSY2vuYsk9S,2025-06-05
KvaOMhgdFF,$2b$12$i6YTV2ZEcLDEHFLe8n5dNuzWdLCyBc0T6bd/AWe5n7hMkDij7PLZC,2025-06-06
kDolUcJjNBJrL,$2b$12$XNCHJ3noSauo1Pecysr.beVresLnxM2d6xzjV8Q5eEwKvQU6gXhkO,2025-06-06
