发文者,标题,封面链接,链接,down_link
一号专案,女硕士走失事件涉案人员被采取刑事强制措施，尚未发现被拐卖证据,E:\python\flaskProject\static\content\女硕士走失事件涉案人员被采取刑事强制措施，尚未发现被拐卖证据.jpg,https://m.thepaper.cn/newsDetail_forward_29603434,/content/女硕士走失事件涉案人员被采取刑事强制措施，尚未发现被拐卖证据.jpg
教育家,七部门发文加强教师待遇保障，将符合条件教师纳入城镇住房保障范围,E:\python\flaskProject\static\content\七部门发文加强教师待遇保障，将符合条件教师纳入城镇住房保障范围.jpg,https://m.thepaper.cn/newsDetail_forward_29604559,/content/七部门发文加强教师待遇保障，将符合条件教师纳入城镇住房保障范围.jpg
澎湃评论,马上评丨彻查案情，让法律来维护卜某的权益,E:\python\flaskProject\static\content\马上评丨彻查案情，让法律来维护卜某的权益.jpg,https://m.thepaper.cn/newsDetail_forward_29605195,/content/马上评丨彻查案情，让法律来维护卜某的权益.jpg
大国外交,外交部：对在涉港问题上表现恶劣的美方人员采取签证限制,E:\python\flaskProject\static\content\外交部：对在涉港问题上表现恶劣的美方人员采取签证限制.jpg,https://m.thepaper.cn/newsDetail_forward_29604090,/content/外交部：对在涉港问题上表现恶劣的美方人员采取签证限制.jpg
绿政公署,中华口腔医学会：会员注册通道暂时关闭，对已注册会员甄别复核,E:\python\flaskProject\static\content\中华口腔医学会：会员注册通道暂时关闭，对已注册会员甄别复核.jpg,https://m.thepaper.cn/newsDetail_forward_29605567,/content/中华口腔医学会：会员注册通道暂时关闭，对已注册会员甄别复核.jpg
全球速报,韩国国会通过要求迅速逮捕总统尹锡悦的决议案,E:\python\flaskProject\static\content\韩国国会通过要求迅速逮捕总统尹锡悦的决议案.jpg,https://m.thepaper.cn/newsDetail_forward_29603883,/content/韩国国会通过要求迅速逮捕总统尹锡悦的决议案.jpg
浦江头条,观察｜从“1+8”到“1+13”，重新认识上海大都市圈,E:\python\flaskProject\static\content\观察｜从“1+8”到“1+13”，重新认识上海大都市圈.jpg,https://m.thepaper.cn/newsDetail_forward_29604251,/content/观察｜从“1+8”到“1+13”，重新认识上海大都市圈.jpg
浦江头条,上海交大受伤小鹿后腿被咬掉一块肉，宠物医师推测或遭动物围攻,E:\python\flaskProject\static\content\上海交大受伤小鹿后腿被咬掉一块肉，宠物医师推测或遭动物围攻.jpg,https://m.thepaper.cn/newsDetail_forward_29605364,/content/上海交大受伤小鹿后腿被咬掉一块肉，宠物医师推测或遭动物围攻.jpg
打虎记,在西藏工作47年的吴英杰，被批严重影响西藏高质量发展、助长贪腐滋长,E:\python\flaskProject\static\content\在西藏工作47年的吴英杰，被批严重影响西藏高质量发展、助长贪腐滋长.jpg,https://m.thepaper.cn/newsDetail_forward_29604155,/content/在西藏工作47年的吴英杰，被批严重影响西藏高质量发展、助长贪腐滋长.jpg
七环视频,和你聊会儿丨“播二代”朱旺旺：从李佳琦身边走到台前,E:\python\flaskProject\static\content\和你聊会儿丨“播二代”朱旺旺：从李佳琦身边走到台前.jpg,https://m.thepaper.cn/newsDetail_forward_29556818,/content/和你聊会儿丨“播二代”朱旺旺：从李佳琦身边走到台前.jpg
全球速报,韩国前国防部长官金龙显企图在狱中自杀，身体状况暂无异常,E:\python\flaskProject\static\content\韩国前国防部长官金龙显企图在狱中自杀，身体状况暂无异常.jpg,https://m.thepaper.cn/newsDetail_forward_29613942,/content/韩国前国防部长官金龙显企图在狱中自杀，身体状况暂无异常.jpg
思想市场,拜登赦子能否等同于儒家的“亲亲相隐”或“舜负父而逃”？,E:\python\flaskProject\static\content\拜登赦子能否等同于儒家的“亲亲相隐”或“舜负父而逃”？.jpg,https://m.thepaper.cn/newsDetail_forward_29593329,/content/拜登赦子能否等同于儒家的“亲亲相隐”或“舜负父而逃”？.jpg
一号专案,中国足球协会战略规划部原部长戚军一审获刑7年,E:\python\flaskProject\static\content\中国足球协会战略规划部原部长戚军一审获刑7年.jpg,https://m.thepaper.cn/newsDetail_forward_29604771,/content/中国足球协会战略规划部原部长戚军一审获刑7年.jpg
全球速报,以军摧毁叙利亚70%以上军事力量，叙利亚过渡政府正式接管权力,E:\python\flaskProject\static\content\以军摧毁叙利亚70%以上军事力量，叙利亚过渡政府正式接管权力.jpg,https://m.thepaper.cn/newsDetail_forward_29612736,/content/以军摧毁叙利亚70%以上军事力量，叙利亚过渡政府正式接管权力.jpg
直击现场,19岁男子被舅舅安排任办公室副主任？水电九局：不实，已报案,E:\python\flaskProject\static\content\19岁男子被舅舅安排任办公室副主任？水电九局：不实，已报案.jpg,https://m.thepaper.cn/newsDetail_forward_29605360,/content/19岁男子被舅舅安排任办公室副主任？水电九局：不实，已报案.jpg
港台来信,国台办：马英九将于12月18日至26日率台湾青年赴黑龙江四川出席活动并参访,E:\python\flaskProject\static\content\国台办：马英九将于12月18日至26日率台湾青年赴黑龙江四川出席活动并参访.jpg,https://m.thepaper.cn/newsDetail_forward_29613783,/content/国台办：马英九将于12月18日至26日率台湾青年赴黑龙江四川出席活动并参访.jpg
澎湃防务,观察｜俄军在叙利亚基地前途未卜，若撤离对俄中东地缘战略是一个挫败,E:\python\flaskProject\static\content\观察｜俄军在叙利亚基地前途未卜，若撤离对俄中东地缘战略是一个挫败.jpg,https://m.thepaper.cn/newsDetail_forward_29608257,/content/观察｜俄军在叙利亚基地前途未卜，若撤离对俄中东地缘战略是一个挫败.jpg
中国政库,辽宁官方公布地标美食评定结果：大连上榜最多，沈阳“大兴狗肉”被删,E:\python\flaskProject\static\content\辽宁官方公布地标美食评定结果：大连上榜最多，沈阳“大兴狗肉”被删.jpg,https://m.thepaper.cn/newsDetail_forward_29608498,/content/辽宁官方公布地标美食评定结果：大连上榜最多，沈阳“大兴狗肉”被删.jpg
生命科学,追问｜外商独资医院扩大开放政策出台，外资就会来吗？,E:\python\flaskProject\static\content\追问｜外商独资医院扩大开放政策出台，外资就会来吗？.jpg,https://m.thepaper.cn/newsDetail_forward_29608309,/content/追问｜外商独资医院扩大开放政策出台，外资就会来吗？.jpg
10%公司,经济日报刊文：对英伟达启动立案调查，怎么看？,E:\python\flaskProject\static\content\经济日报刊文：对英伟达启动立案调查，怎么看？.jpg,https://m.thepaper.cn/newsDetail_forward_29603394,/content/经济日报刊文：对英伟达启动立案调查，怎么看？.jpg
